{
  "accuracy": 0.45454545454545453,
  "report": {
    "negative": {
      "precision": 1.0,
      "recall": 0.5,
      "f1-score": 0.6666666666666666,
      "support": 4.0
    },
    "neutral": {
      "precision": 0.0,
      "recall": 0.0,
      "f1-score": 0.0,
      "support": 3.0
    },
    "positive": {
      "precision": 0.375,
      "recall": 0.75,
      "f1-score": 0.5,
      "support": 4.0
    },
    "accuracy": 0.45454545454545453,
    "macro avg": {
      "precision": 0.4583333333333333,
      "recall": 0.4166666666666667,
      "f1-score": 0.38888888888888884,
      "support": 11.0
    },
    "weighted avg": {
      "precision": 0.5,
      "recall": 0.45454545454545453,
      "f1-score": 0.4242424242424242,
      "support": 11.0
    }
  }
}