{
  "accuracy": 0.6666666666666666,
  "report": {
    "negative": {
      "precision": 1.0,
      "recall": 1.0,
      "f1-score": 1.0,
      "support": 1.0
    },
    "neutral": {
      "precision": 0.0,
      "recall": 0.0,
      "f1-score": 0.0,
      "support": 1.0
    },
    "positive": {
      "precision": 0.5,
      "recall": 1.0,
      "f1-score": 0.6666666666666666,
      "support": 1.0
    },
    "accuracy": 0.6666666666666666,
    "macro avg": {
      "precision": 0.5,
      "recall": 0.6666666666666666,
      "f1-score": 0.5555555555555555,
      "support": 3.0
    },
    "weighted avg": {
      "precision": 0.5,
      "recall": 0.6666666666666666,
      "f1-score": 0.5555555555555555,
      "support": 3.0
    }
  }
}